{"cameraMode":{"drawMode":0,"name":"Shaded","section":"Shading Mode"},"sceneLighting":false,"audioPlay":false,"sceneViewState":{"showFog":false,"showMaterialUpdate":false,"showSkybox":false,"showFlares":false,"showImageEffects":false,"showParticleSystems":false},"in2DMode":false,"pivot":{"x":-0.050235360860824588,"y":0.1265857219696045,"z":-0.056813061237335208},"rotation":{"x":-0.06173306703567505,"y":0.9217540621757507,"z":-0.34569740295410159,"w":-0.1645885556936264},"size":0.22413498163223267,"orthographic":false}