{"cameraMode":{"drawMode":0,"name":"Shaded","section":"Shading Mode"},"sceneLighting":false,"audioPlay":false,"sceneViewState":{"showFog":false,"showMaterialUpdate":false,"showSkybox":false,"showFlares":false,"showImageEffects":false,"showParticleSystems":false},"in2DMode":false,"pivot":{"x":-1.3189090490341187,"y":1.5814628601074219,"z":0.39250731468200686},"rotation":{"x":0.005136491730809212,"y":0.9085650444030762,"z":-0.41757825016975405,"w":0.011176727712154389},"size":0.8660253882408142,"orthographic":false}