{"cameraMode":{"drawMode":0,"name":"Shaded","section":"Shading Mode"},"sceneLighting":false,"audioPlay":false,"sceneViewState":{"showFog":false,"showMaterialUpdate":false,"showSkybox":false,"showFlares":false,"showImageEffects":false,"showParticleSystems":false},"in2DMode":false,"pivot":{"x":0.8018226623535156,"y":-8.871881484985352,"z":-2.8517906665802},"rotation":{"x":-0.6882113218307495,"y":0.01784389466047287,"z":-0.01692684181034565,"w":-0.7250909209251404},"size":0.7071067690849304,"orthographic":false}