{"cameraMode":{"drawMode":0,"name":"Shaded","section":"Shading Mode"},"sceneLighting":false,"audioPlay":false,"sceneViewState":{"showFog":false,"showMaterialUpdate":false,"showSkybox":false,"showFlares":false,"showImageEffects":false,"showParticleSystems":false},"in2DMode":false,"pivot":{"x":-0.06709668040275574,"y":0.47105342149734499,"z":0.001737993210554123},"rotation":{"x":0.27884891629219057,"y":0.5726419687271118,"z":-0.2157512903213501,"w":0.7401390075683594},"size":0.131291925907135,"orthographic":false}